,movieId,title
15480,15481,Inception
12481,12482,The Dark Knight
22879,22880,Interstellar
2843,2844,Fight Club
4863,4864,The Lord of the Rings: The Fellowship of the Ring
292,293,Pulp Fiction
314,315,The Shawshank Redemption
7000,7001,The Lord of the Rings: The Return of the King
351,352,Forrest Gump
5814,5815,The Lord of the Rings: The Two Towers
256,257,Star Wars
1225,1226,Back to the Future
834,835,The Godfather
1154,1155,The Empire Strikes Back
46,47,Se7en
24860,24861,The Imitation Game
359,360,The Lion King
18465,18466,The Intouchables
22841,22842,The Grand Budapest Hotel
586,587,The Silence of the Lambs
11354,11355,The Prestige
522,523,Schindler's List
23673,23674,Whiplash
289,290,Leon: The Professional
4099,4100,Memento
3030,3031,The Green Mile
5481,5482,Spirited Away
1213,1214,The Shining
1057,1058,Reservoir Dogs
2211,2212,Life Is Beautiful
1163,1164,A Clockwork Orange
1178,1179,The Godfather: Part II
49,50,The Usual Suspects
1170,1171,GoodFellas
2216,2217,American History X
4135,4136,Scarface
1152,1153,One Flew Over the Cuckoo's Nest
32144,32145,Room
1201,1202,Dead Poets Society
109,110,Taxi Driver
1176,1177,Psycho
1159,1160,"The Good, the Bad and the Ugly"
1161,1162,12 Angry Men
1165,1166,Apocalypse Now
9698,9699,Howl's Moving Castle
2884,2885,Princess Mononoke
10309,10310,Dilwale Dulhania Le Jayenge
9430,9431,Oldboy
5857,5858,The Pianist
5878,5879,City of God
5833,5834,My Neighbor Totoro
41128,41129,Lion
877,878,Rear Window
732,733,Dr. Strangelove or: How I Learned to Stop Worrying and Love the Bomb
896,897,Citizen Kane
876,877,Vertigo
1166,1167,Once Upon a Time in the West
1184,1185,Once Upon a Time in America
926,927,It's a Wonderful Life
40251,40252,Your Name.
5553,5554,Grave of the Fireflies
1910,1911,Seven Samurai
3342,3343,Modern Times
883,884,Some Like It Hot
1132,1133,Cinema Paradiso
1236,1237,The Great Dictator
19901,19902,Paperman
25465,25466,Mommy
43190,43191,Band of Brothers
14551,14552,Avatar
17818,17819,The Avengers
26564,26565,Deadpool
20051,20052,Django Unchained
23753,23754,Guardians of the Galaxy
26553,26554,Mad Max: Fury Road
18252,18253,The Dark Knight Rises
2458,2459,The Matrix
12588,12589,Iron Man
37863,37864,Sing Street
19971,19972,The Hobbit: An Unexpected Journey
1901,1902,Metropolis
26555,26556,Star Wars: The Force Awakens
1639,1640,Titanic
10122,10123,Batman Begins
26567,26568,Captain America: Civil War
30051,30052,The Martian
6390,6391,Pirates of the Caribbean: The Curse of the Black Pearl
4766,4767,Harry Potter and the Philosopher's Stone
13724,13725,Up
26558,26559,Avengers: Age of Ultron
22131,22132,The Wolf of Wall Street
30315,30316,Inside Out
22058,22059,The Hunger Games: Catching Fire
13605,13606,Inglourious Basterds
15472,15473,Despicable Me
14825,14826,Shutter Island
31865,31866,The Revenant
12704,12705,WALL·E
13746,13747,The Hangover
42170,42171,Logan
6232,6233,Finding Nemo
24455,24456,Big Hero 6
23359,23360,X-Men: Days of Future Past
4756,4757,"Monsters, Inc."
17437,17438,Harry Potter and the Deathly Hallows: Part 2
25534,25535,Kingsman: The Secret Service
7725,7726,Harry Potter and the Prisoner of Azkaban
26562,26563,Ant-Man
23675,23676,Gone Girl
5678,5679,Harry Potter and the Chamber of Secrets
19735,19736,Life of Pi
14557,14558,Sherlock Holmes
23053,23054,Captain America: The Winter Soldier
26568,26569,Doctor Strange
21592,21593,Gravity
10554,10555,Harry Potter and the Goblet of Fire
40598,40599,Arrival
16128,16129,Harry Potter and the Deathly Hallows: Part 1
21025,21026,Now You See Me
11927,11928,Harry Potter and the Order of the Phoenix
30401,30402,Fantastic Beasts and Where to Find Them
3456,3457,Gladiator
24121,24122,The Maze Runner
24351,24352,John Wick
22110,22111,Frozen
13893,13894,Harry Potter and the Half-Blood Prince
0,1,Toy Story
11008,11009,Pirates of the Caribbean: Dead Man's Chest
8234,8235,The Incredibles
17217,17218,X-Men: First Class
1919,1920,Saving Private Ryan
41489,41490,Rogue One: A Star Wars Story
11662,11663,300
6725,6726,Kill Bill: Vol. 1
33356,33357,Wonder Woman
23465,23466,Edge of Tomorrow
36253,36254,Zootopia
475,476,Jurassic Park
25390,25391,The Hobbit: The Battle of the Five Armies
24482,24483,Ex Machina
26566,26567,Guardians of the Galaxy Vol. 2
19731,19732,Silver Linings Playbook
1167,1168,Return of the Jedi
15017,15018,Kick-Ass
40882,40883,La La Land
21161,21162,Despicable Me 2
15348,15349,Toy Story 3
1604,1605,The Truman Show
23561,23562,Birdman
19726,19727,Wreck-It Ralph
22059,22060,The Hobbit: The Desolation of Smaug
23437,23438,Maleficent
24241,24242,American Sniper
13643,13644,Star Trek
1171,1172,Alien
16066,16067,Black Swan
10839,10840,V for Vendetta
23692,23693,Dawn of the Planet of the Apes
11567,11568,Ratatouille
20922,20923,Star Trek Into Darkness
41492,41493,Split
11316,11317,The Departed
17588,17589,Rise of the Planet of the Apes
12595,12596,Taken
28131,28132,The Hateful Eight
14984,14985,How to Train Your Dragon
582,583,Terminator 2: Judgment Day
28830,28831,Furious 7
22168,22169,Her
1195,1196,The Terminator
10069,10070,Star Wars: Episode III - Revenge of the Sith
4178,4179,Shrek
7271,7272,Kill Bill: Vol. 2
24366,24367,Fury
1007,1008,Die Hard
18258,18259,Sherlock Holmes: A Game of Shadows
1460,1461,The Fifth Element
5084,5085,Ice Age
1156,1157,Raiders of the Lost Ark
11404,11405,Casino Royale
1902,1903,Back to the Future Part II
5851,5852,Catch Me If You Can
2997,2998,Toy Story 2
16572,16573,Limitless
20910,20911,The Great Gatsby
23512,23513,The Fault in Our Stars
4833,4834,Ocean's Eleven
536,537,Blade Runner
17439,17440,Drive
21878,21879,12 Years a Slave
7208,7209,Eternal Sunshine of the Spotless Mind
2178,2179,Edward Scissorhands
14236,14237,Zombieland
5284,5285,The Bourne Identity
21101,21102,Monsters University
4748,4749,Donnie Darko
581,582,Aladdin
15798,15799,The Social Network
24445,24446,Nightcrawler
19590,19591,Argo
41457,41458,Moana
13966,13967,District 9
2742,2743,American Beauty
1138,1139,Paths of Glory
16130,16131,Tangled
108,109,Braveheart
4843,4844,Amélie
24982,24983,The Theory of Everything
13219,13220,The Curious Case of Benjamin Button
23553,23554,22 Jump Street
1065,1066,E.T. the Extra-Terrestrial
3897,3898,Cast Away
40416,40417,Hacksaw Ridge
1158,1159,Aliens
23472,23473,Mission: Impossible - Rogue Nation
2647,2648,The Sixth Sense
1246,1247,Indiana Jones and the Last Crusade
22167,22168,The Secret Life of Walter Mitty
11007,11008,The Devil Wears Prada
2576,2577,The Legend of 1900
21604,21605,Prisoners
13187,13188,Gran Torino
21276,21277,The Conjuring
7834,7835,The Notebook
23557,23558,How to Train Your Dragon 2
12083,12084,Into the Wild
22718,22719,The Lego Movie
11308,11309,Pan's Labyrinth
4865,4866,A Beautiful Mind
12170,12171,No Country for Old Men
897,898,2001: A Space Odyssey
19460,19461,The Perks of Being a Wallflower
588,589,Beauty and the Beast
1650,1651,The Big Lebowski
23555,23556,The Equalizer
13874,13875,(500) Days of Summer
42169,42170,Get Out
1903,1904,Back to the Future Part III
21948,21949,Dallas Buyers Club
3886,3887,Snatch
11965,11966,The Bourne Ultimatum
13060,13061,Slumdog Millionaire
12815,12816,Watchmen
1624,1625,Good Will Hunting
7938,7939,The Bourne Supremacy
2006,2007,Indiana Jones and the Temple of Doom
16129,16130,The King's Speech
895,896,Sunset Boulevard
9888,9889,Sin City
16833,16834,Source Code
33041,33042,Spotlight
758,759,Trainspotting
44678,44679,Dunkirk
35110,35111,The Big Short
36223,36224,Me Before You
16057,16058,127 Hours
5311,5312,Minority Report
33369,33370,Bridge of Spies
1338,1339,Jaws
11138,11139,The Pursuit of Happyness
1179,1180,Full Metal Jacket
3824,3825,Requiem for a Dream
17447,17448,"Crazy, Stupid, Love."
9522,9523,Million Dollar Baby
21792,21793,Captain Phillips
17052,17053,Fast Five
579,580,Home Alone
18293,18294,The Girl with the Dragon Tattoo
8147,8148,Shaun of the Dead
31,32,Twelve Monkeys
31954,31955,Sicario
2601,2602,Ghostbusters
38501,38502,The Nice Guys
1220,1221,Groundhog Day
11437,11438,Blood Diamond
12230,12231,Juno
19384,19385,Pitch Perfect
21611,21612,Rush
31444,31445,The Man from U.N.C.L.E.
39463,39464,Nerve
882,883,The Apartment
8230,8231,Saw
11617,11618,Hot Fuzz
18092,18093,Hugo
1859,1860,The Breakfast Club
15609,15610,Scott Pilgrim vs. the World
41540,41541,Hidden Figures
11985,11986,Superbad
585,586,Batman
21460,21461,About Time
546,547,The Nightmare Before Christmas
3406,3407,Predator
3413,3414,American Psycho
11353,11354,Children of Men
39386,39387,Piper
7101,7102,The Butterfly Effect
31953,31954,Southpaw
39475,39476,Sully
13198,13199,Seven Pounds
1798,1799,Mulan
43644,43645,Baby Driver
11646,11647,Zodiac
600,601,Fargo
20779,20780,Wolf Children
20060,20061,The Impossible
6994,6995,Big Fish
29463,29464,The Age of Adaline
17125,17126,Midnight in Paris
1888,1889,The Exorcist
39097,39098,The Conjuring 2
23594,23595,Boyhood
35353,35354,Nocturnal Animals
19825,19826,Rise of the Guardians
7830,7831,The Terminal
24315,24316,Predestination
17603,17604,The Help
5818,5819,Gangs of New York
34502,34503,Creed
10385,10386,Corpse Bride
6991,6992,The Last Samurai
6562,6563,Lost in Translation
5157,5158,Rashomon
32117,32118,The Intern
20062,20063,Les Misérables
1972,1973,The Little Mermaid
6791,6792,Love Actually
5,6,Heat
13817,13818,The Hurt Locker
1215,1216,M
1575,1576,Gattaca
1845,1846,Rocky
4880,4881,Black Hawk Down
39962,39963,Moonlight
13622,13623,Moon
6353,6354,28 Days Later
590,591,Pretty Woman
1969,1970,The Jungle Book
14625,14626,Hachi: A Dog's Tale
2459,2460,10 Things I Hate About You
1852,1853,Rain Man
38718,38719,The Handmaiden
2800,2801,Total Recall
12277,12278,Sweeney Todd: The Demon Barber of Fleet Street
1100,1101,Monty Python and the Holy Grail
1495,1496,Hercules
11073,11074,Little Miss Sunshine
2572,2573,Tarzan
4591,4592,The Others
16278,16279,True Grit
19016,19017,Moonrise Kingdom
32757,32758,The Danish Girl
892,893,The Wizard of Oz
10843,10844,Inside Man
2429,2430,"Lock, Stock and Two Smoking Barrels"
3189,3190,City Lights
4646,4647,Training Day
24465,24466,"Love, Rosie"
11201,11202,The Illusionist
495,496,Mrs. Doubtfire
147,148,Apollo 13
1331,1332,Grease
2175,2176,The Thing
14465,14466,The Blind Side
15530,15531,Mr. Nobody
1914,1915,The Godfather: Part III
7278,7279,Man on Fire
12280,12281,There Will Be Blood
1647,1648,Jackie Brown
38798,38799,Captain Fantastic
1214,1215,Stand by Me
1896,1897,The Goonies
249,250,Interview with the Vampire
1003,1004,Alice in Wonderland
1551,1552,The Game
41127,41128,Manchester by the Sea
22206,22207,Lone Survivor
3891,3892,The Emperor's New Groove
10450,10451,Brokeback Mountain
22043,22044,The Book Thief
12165,12166,American Gangster
9542,9543,The Aviator
2290,2291,First Blood
14301,14302,Law Abiding Citizen
1356,1357,Scream
1155,1156,The Princess Bride
4718,4719,Mulholland Drive
15807,15808,The Town
16144,16145,The Fighter
2869,2870,RoboCop
13137,13138,The Boy in the Striped Pyjamas
1610,1611,Anastasia
8071,8072,Collateral
2065,2066,Beetlejuice
41976,41977,The Lego Batman Movie
6721,6722,Mystic River
2646,2647,The Iron Giant
2871,2872,Who Framed Roger Rabbit
885,886,Casablanca
25393,25394,Unbroken
24357,24358,The Judge
13371,13372,Coraline
2085,2086,The Untouchables
23962,23963,If I Stay
12368,12369,In Bruges
1567,1568,The Devil's Advocate
17758,17759,Moneyball
10545,10546,Pride & Prejudice
32372,32373,Straight Outta Compton
1978,1979,Peter Pan
1056,1057,Dirty Dancing
5310,5311,Lilo & Stitch
1891,1892,Lethal Weapon
10336,10337,Lord of War
10881,10882,Lucky Number Slevin
4112,4113,Blow
4180,4181,Moulin Rouge!
15,16,Casino
1544,1545,L.A. Confidential
2802,2803,Ferris Bueller's Day Off
1512,1513,Contact
18525,18526,The Vow
1775,1776,Fear and Loathing in Las Vegas
4849,4850,The Royal Tenenbaums
13286,13287,Ip Man
2556,2557,Notting Hill
39663,39664,Hell or High Water
17828,17829,Warrior
10240,10241,Serenity
608,609,The Aristocats
17848,17849,50/50
38305,38306,Snowden
23422,23423,Begin Again
8223,8224,The Machinist
8243,8244,Finding Neverland
2597,2598,Eyes Wide Shut
22224,22225,Saving Mr. Banks
11296,11297,Apocalypto
452,453,The Fugitive
1058,1059,Platoon
27819,27820,Brooklyn
1048,1049,Life of Brian
999,1000,Mary Poppins
11955,11956,Stardust
1299,1300,A Nightmare on Elm Street
11732,11733,Sunshine
14378,14379,Fantastic Mr. Fox
23379,23380,Chef
11377,11378,Perfume: The Story of a Murderer
19455,19456,End of Watch
1409,1410,Donnie Brasco
10014,10015,Crash
2917,2918,Robin Hood
13057,13058,Changeling
14494,14495,Invictus
11537,11538,Bridge to Terabithia
3902,3903,"O Brother, Where Art Thou?"
12254,12255,The Bucket List
21446,21447,The Butler
10585,10586,Match Point
1221,1222,Unforgiven
25199,25200,Still Alice
21349,21350,Blue Jasmine
2881,2882,Being John Malkovich
3351,3352,Close Encounters of the Third Kind
21745,21746,Blue Is the Warmest Color
1182,1183,Amadeus
2676,2677,Airplane!
5330,5331,Road to Perdition
1177,1178,The Blues Brothers
6185,6186,Identity
23743,23744,I Origins
1291,1292,Dracula
3378,3379,Misery
583,584,Dances with Wolves
29438,29439,The Longest Ride
875,876,Breakfast at Tiffany's
20850,20851,Mud
18795,18796,The Raid
12049,12050,Atonement
17857,17858,The Artist
2389,2390,Office Space
1873,1874,Halloween
881,882,North by Northwest
9647,9648,Downfall
4936,4937,A Walk to Remember
1186,1187,Annie Hall
2342,2343,The Fly
12101,12102,Gone Baby Gone
13204,13205,The Wrestler
2052,2053,The NeverEnding Story
4096,4097,Enemy at the Gates
13507,13508,The Girl with the Dragon Tattoo
3744,3745,The Naked Gun: From the Files of Police Squad!
503,504,Philadelphia
18155,18156,War Horse
29865,29866,Carol
12298,12299,P.S. I Love You
17454,17455,One Day
2831,2832,Goldfinger
12891,12892,Let the Right One In
893,894,Gone with the Wind
6870,6871,Battle Royale
3559,3560,For a Few Dollars More
39821,39822,Train to Busan
212,213,Before Sunrise
40015,40016,Kubo and the Two Strings
3581,3582,Mad Max 2: The Road Warrior
5744,5745,Treasure Planet
348,349,The Crow
10863,10864,The Lives of Others
1297,1298,Carrie
1261,1262,When Harry Met Sally...
1537,1538,The Hunt for Red October
1185,1186,Raging Bull
1006,1007,The Sound of Music
31485,31486,13 Hours: The Secret Soldiers of Benghazi
27866,27867,Me and Earl and the Dying Girl
25467,25468,Wild
15129,15130,The Last Song
1286,1287,The Birds
2416,2417,Planet of the Apes
12320,12321,[REC]
13264,13265,Ponyo
39773,39774,The Edge of Seventeen
3871,3872,"Crouching Tiger, Hidden Dragon"
1689,1690,As Good as It Gets
19461,19462,The Hunt
1218,1219,The Deer Hunter
332,333,What's Eating Gilbert Grape
6802,6803,21 Grams
1207,1208,Chinatown
16623,16624,The Lincoln Lawyer
2585,2586,"South Park: Bigger, Longer & Uncut"
16972,16973,Melancholia
3979,3980,The Evil Dead
2835,2836,A Fistful of Dollars
11763,11764,Fracture
10413,10414,Kiss Kiss Bang Bang
25202,25203,Paddington
2156,2157,A Few Good Men
18010,18011,Shame
2051,2052,Rosemary's Baby
3362,3363,The Road to El Dorado
1004,1005,The Fox and the Hound
1233,1234,Young Frankenstein
24902,24903,Wild Tales
1157,1158,Brazil
6212,6213,Castle in the Sky
12091,12092,The Darjeeling Limited
5255,5256,Spirit: Stallion of the Cimarron
1162,1163,Lawrence of Arabia
13020,13021,The Wave
12065,12066,Eastern Promises
2318,2319,Patch Adams
16384,16385,Tucker and Dale vs Evil
41654,41655,The Founder
1202,1203,The Graduate
723,724,Ghost in the Shell
1172,1173,Army of Darkness
14732,14733,3 Idiots
3157,3158,The Boondock Saints
22129,22130,Inside Llewyn Davis
3043,3044,Magnolia
34196,34197,Concussion
9733,9734,Kung Fu Hustle
3434,3435,The Virgin Suicides
1661,1662,Dark City
2904,2905,Falling Down
25392,25393,Selma
3792,3793,Remember the Titans
13189,13190,The Reader
23170,23171,The Raid 2
1237,1238,Fantasia
1042,1043,Willy Wonka & the Chocolate Factory
1092,1093,The Abyss
12177,12178,August Rush
1595,1596,Boogie Nights
1885,1886,Poltergeist
6947,6948,Nausicaä of the Valley of the Wind
3773,3774,Almost Famous
9529,9530,Hotel Rwanda
426,427,Carlito's Way
38186,38187,Perfect Strangers
17677,17678,The Skin I Live In
42175,42176,T2 Trainspotting
43645,43646,Okja
2314,2315,The Thin Red Line
1229,1230,Akira
12109,12110,The Assassination of Jesse James by the Coward Robert Ford
3059,3060,The Talented Mr. Ripley
29703,29704,The Bélier Family
9260,9261,Asterix & Obelix: Mission Cleopatra
9541,9542,The Life Aquatic with Steve Zissou
24343,24344,What We Do in the Shadows
24464,24465,The Book of Life
24350,24351,The Best of Me
3842,3843,Billy Elliot
33324,33325,The Little Prince
24372,24373,St. Vincent
219,220,Clerks
8927,8928,Kiki's Delivery Service
3298,3299,Thelma & Louise
42886,42887,Two Is a Family
2922,2923,Trading Places
3134,3135,Scent of a Woman
550,551,True Romance
30061,30062,Kung Fury
1216,1217,Evil Dead II
17987,17988,Carnage
1967,1968,Blue Velvet
33362,33363,Silence
1357,1358,The Last of the Mohicans
872,873,Singin' in the Rain
3069,3070,"Girl, Interrupted"
21351,21352,The Great Beauty
11125,11126,Stranger Than Fiction
2200,2201,The Elephant Man
2354,2355,The Name of the Rose
7911,7912,Before Sunset
10556,10557,Walk the Line
1217,1218,The Great Escape
3289,3290,Erin Brockovich
1248,1249,Gandhi
1031,1032,Sleepers
3618,3619,Big Trouble in Little China
20634,20635,The First Time
21429,21430,The Wind Rises
19429,19430,The Master
21125,21126,The Best Offer
42537,42538,To the Bone
4744,4745,K-PAX
10641,10642,Munich
2542,2543,The Rocky Horror Picture Show
16383,16384,The Secret World of Arrietty
27864,27865,Dope
12182,12183,The Man from Earth
95,96,La Haine
21054,21055,The Way Way Back
1295,1296,Cape Fear
1325,1326,Star Trek II: The Wrath of Khan
2282,2283,Rushmore
17973,17974,We Need to Talk About Kevin
3244,3245,Dog Day Afternoon
15571,15572,Ip Man 2
36013,36014,Eddie the Eagle
7112,7113,The Dreamers
13598,13599,The Boat That Rocked
1164,1165,To Kill a Mockingbird
2577,2578,Run Lola Run
1308,1309,Star Trek: First Contact
10599,10600,Memoirs of a Geisha
43220,43221,"Everything, Everything"
10841,10842,Thank You for Smoking
2310,2311,National Lampoon's Christmas Vacation
1242,1243,Ben-Hur
4391,4392,The Land Before Time
1258,1259,Butch Cassidy and the Sundance Kid
3328,3329,"Good Morning, Vietnam"
21243,21244,Stuck in Love
24000,24001,Coherence
10386,10387,Green Street Hooligans
12228,12229,The Orphanage
5764,5765,Adaptation.
21694,21695,Nebraska
6938,6939,Hero
1545,1546,Seven Years in Tibet
619,620,Primal Fear
5816,5817,25th Hour
231,232,Ed Wood
1190,1191,The Sting
14115,14116,The Secret in Their Eyes
262,263,Legends of the Fall
3361,3362,High Fidelity
548,549,Tombstone
8057,8058,Garden State
4725,4726,Dirty Harry
10099,10100,Cinderella Man
13131,13132,Milk
1189,1190,Das Boot
22339,22340,Fuck You Goethe
3549,3550,Blazing Saddles
7218,7219,Dogville
1858,1859,Labyrinth
2346,2347,The Texas Chain Saw Massacre
13863,13864,My Sister's Keeper
4977,4978,John Q
7170,7171,"Good bye, Lenin!"
1812,1813,Pi
1199,1200,Manhattan
44624,44625,What Happened to Monday
7234,7235,Dawn of the Dead
14310,14311,Mary and Max
941,942,Night of the Living Dead
436,437,Dazed and Confused
22042,22043,Philomena
22416,22417,Only Lovers Left Alive
20488,20489,Before Midnight
7714,7715,Escape from Alcatraz
12983,12984,Martyrs
1047,1048,A Fish Called Wanda
37505,37506,They Call Me Jeeg Robot
1407,1408,Lost Highway
1274,1275,An American Werewolf in London
1193,1194,The Seventh Seal
2988,2989,Awakenings
11349,11350,The Last King of Scotland
3877,3878,"Planes, Trains and Automobiles"
32033,32034,Colonia
9469,9470,Layer Cake
41488,41489,The Space Between Us
9005,9006,Porco Rosso
4425,4426,They Live
39048,39049,The Fundamentals of Caring
1142,1143,The English Patient
3882,3883,Wall Street
3855,3856,Men of Honor
9449,9450,Ong-Bak: The Thai Warrior
1205,1206,The Bridge on the River Kwai
9456,9457,The Chorus
11492,11493,Letters from Iwo Jima
6076,6077,Irreversible
43186,43187,Gifted
1345,1346,Raising Arizona
19217,19218,Ruby Sparks
4884,4885,I Am Sam
1054,1055,Dial M for Murder
2067,2068,Rope
4108,4109,Amores perros
16311,16312,I Saw the Devil
37562,37563,Eye in the Sky
8283,8284,Love Me If You Dare
784,785,A Time to Kill
2615,2616,Barry Lyndon
12156,12157,Elite Squad
12096,12097,Lars and the Real Girl
6827,6828,WarGames
25086,25087,Citizenfour
23877,23878,The Hundred-Foot Journey
18952,18953,Three Steps Above Heaven
68,69,Friday
3267,3268,JFK
1204,1205,La Femme Nikita
9619,9620,Coach Carter
158,159,Crimson Tide
34099,34100,Trumbo
6658,6659,The Meaning of Life
889,890,Roman Holiday
7007,7008,Monster
3554,3555,Eraserhead
2208,2209,Pleasantville
6049,6050,The Life of David Gale
17090,17091,Incendies
36248,36249,Race
3977,3978,Empire of the Sun
7551,7552,Infernal Affairs
2890,2891,The Insider
7303,7304,Enter the Dragon
1302,1303,The Omen
1846,1847,Kramer vs. Kramer
31244,31245,Amy
8231,8232,Ray
17897,17898,Take Shelter
16811,16812,Elite Squad: The Enemy Within
32811,32812,Beasts of No Nation
14489,14490,A Single Man
17821,17822,A Separation
3389,3390,Frequency
144,145,The Basketball Diaries
2613,2614,Spartacus
4199,4200,The Magnificent Seven
5532,5533,Bowling for Columbine
6625,6626,Videodrome
4934,4935,The Count of Monte Cristo
5854,5855,The Hours
12121,12122,Persepolis
21619,21620,Short Term 12
15511,15512,Batman: Under the Red Hood
21264,21265,Justice League: The Flashpoint Paradox
24081,24082,Pride
11826,11827,Once
21425,21426,Blackfish
21884,21885,Kill Your Darlings
29208,29209,Woman in Gold
36600,36601,Hunt for the Wilderpeople
8256,8257,House of Flying Daggers
17218,17219,Submarine
14632,14633,The Girl Who Kicked the Hornet's Nest
7441,7442,The Warriors
42121,42122,Raw
6292,6293,Barton Fink
9543,9544,The Phantom of the Opera
3844,3845,Pay It Forward
423,424,A Bronx Tale
3080,3081,Papillon
13184,13185,Doubt
2755,2756,Deliverance
5832,5833,My Girl
32626,32627,Suffragette
16834,16835,Jane Eyre
19518,19519,Rust and Bone
1844,1845,The French Connection
12350,12351,The Girl Who Leapt Through Time
886,887,The Maltese Falcon
18244,18245,The Hunger Games
20830,20831,Iron Man 3
25084,25085,Jurassic World
19261,19262,Skyfall
17444,17445,Captain America: The First Avenger
15153,15154,Iron Man 2
19129,19130,The Amazing Spider-Man
16974,16975,Thor
21068,21069,Man of Steel
23358,23359,Lucy
24873,24874,The Hunger Games: Mockingjay - Part 1
21130,21131,World War Z
42222,42223,Beauty and the Beast
5215,5216,Spider-Man
20970,20971,Fast & Furious 6
18995,18996,Prometheus
17124,17125,Pirates of the Caribbean: On Stranger Tides
12217,12218,I Am Legend
21123,21124,Pacific Rim
21941,21942,Thor: The Dark World
20750,20751,Oblivion
26569,26570,X-Men: Apocalypse
19109,19110,Ted
22525,22526,Divergent
19394,19395,Looper
14892,14893,Alice in Wonderland
19071,19072,Brave
30700,30701,Minions
11827,11828,Pirates of the Caribbean: At World's End
30761,30762,Spectre
2514,2515,Star Wars: Episode I - The Phantom Menace
1508,1509,Men in Black
7909,7910,Spider-Man 2
38176,38177,Finding Dory
23187,23188,The Amazing Spider-Man 2
18972,18973,Men in Black 3
3671,3672,X-Men
18723,18724,21 Jump Street
41536,41537,Passengers
30396,30397,The Hunger Games: Mockingjay - Part 2
11925,11926,Transformers
21296,21297,The Wolverine
13635,13636,X-Men Origins: Wolverine
5244,5245,Star Wars: Episode II - Attack of the Clones
18289,18290,Mission: Impossible - Ghost Protocol
10979,10980,Cars
28780,28781,Insurgent
7917,7918,"I, Robot"
17136,17137,The Hangover Part II
43255,43256,The Fate of the Furious
9536,9537,Charlie and the Chocolate Factory
10973,10974,X-Men: The Last Stand
6195,6196,X2
17980,17981,In Time
21131,21132,Elysium
6221,6222,The Matrix Reloaded
4241,4242,The Fast and the Furious
38850,38851,Now You See Me 2
17293,17294,Transformers: Dark of the Moon
760,761,Independence Day
10089,10090,Madagascar
23360,23361,Godzilla
12648,12649,Kung Fu Panda
40025,40026,Miss Peregrine's Home for Peculiar Children
13833,13834,Transformers: Revenge of the Fallen
5325,5326,Men in Black II
42171,42172,Kong: Skull Island
6783,6784,The Matrix Revolutions
25206,25207,Maze Runner: The Scorch Trials
25797,25798,Chappie
6228,6229,Bruce Almighty
12700,12701,The Incredible Hulk
7717,7718,Shrek 2
21407,21408,We're the Millers
12706,12707,Hancock
10104,10105,Mr. & Mrs. Smith
20050,20051,Jack Reacher
10826,10827,Ice Age: The Meltdown
19669,19670,Cloud Atlas
29575,29576,San Andreas
13061,13062,Quantum of Solace
20620,20621,Olympus Has Fallen
20968,20969,The Hangover Part III
31390,31391,The Jungle Book
15608,15609,The Expendables
11123,11124,Night at the Museum
18239,18240,The Expendables 2
42168,42169,John Wick: Chapter 2
22300,22301,Snowpiercer
29291,29292,Tomorrowland
16279,16280,TRON: Legacy
22166,22167,American Hustle
15989,15990,RED
7291,7292,Troy
26560,26561,Pirates of the Caribbean: Dead Men Tell No Tales
2503,2504,The Mummy
19473,19474,Taken 2
10972,10973,The Da Vinci Code
23309,23310,Neighbors
17935,17936,Real Steel
19139,19140,Ice Age: Continental Drift
10597,10598,"The Chronicles of Narnia: The Lion, the Witch and the Wardrobe"
20022,20023,Warm Bodies
18255,18256,The Bourne Legacy
638,639,Mission: Impossible
19814,19815,The Twilight Saga: Breaking Dawn - Part 2
30557,30558,Star Trek Beyond
19569,19570,Hotel Transylvania
30134,30135,Spy
28443,28444,Focus
12705,12706,Wanted
6605,6606,Underworld
362,363,The Mask
1808,1809,Armageddon
36251,36252,10 Cloverfield Lane
1474,1475,The Lost World: Jurassic Park
30690,30691,Ted 2
21080,21081,The Purge
17238,17239,Super 8
7718,7719,The Day After Tomorrow
2837,2838,Home Alone 2: Lost in New York
19732,19733,Flight
20550,20551,The Croods
24278,24279,Dracula Untold
22927,22928,300: Rise of an Empire
28664,28665,Cinderella
13581,13582,Fast & Furious
1,2,Jumanji
10598,10599,King Kong
7284,7285,Mean Girls
10177,10178,War of the Worlds
20829,20830,This Is the End
2242,2243,A Bug's Life
15265,15266,Prince of Persia: The Sands of Time
41688,41689,Sing
2591,2592,American Pie
11825,11826,Shrek the Third
21922,21923,Ender's Game
42355,42356,Fifty Shades Darker
17358,17359,Horrible Bosses
25532,25533,The Interview
42235,42236,The Boss Baby
11959,11960,The Simpsons Movie
13848,13849,Ice Age: Dawn of the Dinosaurs
26557,26558,Warcraft
18796,18797,The Cabin in the Woods
17508,17509,Friends with Benefits
22899,22900,Non-Stop
12328,12329,Cloverfield
15814,15815,Easy A
7220,7221,Hellboy
21417,21418,Kick-Ass 2
4142,4143,The Mummy Returns
25835,25836,Taken 3
16964,16965,Rio
14631,14632,The Book of Eli
13670,13671,Angels & Demons
18685,18686,John Carter
8257,8258,Ocean's Twelve
11002,11003,Click
7140,7141,50 First Dates
15516,15517,Salt
11921,11922,Live Free or Die Hard
40028,40029,The Accountant
5085,5086,Resident Evil
18069,18070,The Adventures of Tintin
162,163,Die Hard: With a Vengeance
16738,16739,Rango
6238,6239,2 Fast 2 Furious
14841,14842,Percy Jackson & the Olympians: The Lightning Thief
21418,21419,Riddick
10952,10953,Mission: Impossible III
11845,11846,Ocean's Thirteen
15372,15373,Shrek Forever After
10301,10302,The 40 Year Old Virgin
4242,4243,A.I. Artificial Intelligence
23748,23749,The Purge: Anarchy
44009,44010,Despicable Me 3
29799,29800,Pitch Perfect 2
28171,28172,Paper Towns
3869,3870,Unbreakable
8245,8246,National Treasure
587,588,Snow White and the Seven Dwarfs
19432,19433,Dredd
16058,16059,Megamind
18499,18500,Chronicle
42853,42854,Life
2058,2059,Blade
6233,6234,The Italian Job
17213,17214,Kung Fu Panda 2
1321,1322,Die Hard 2
21162,21163,White House Down
227,228,Dumb and Dumber
26031,26032,It Follows
25539,25540,Night at the Museum: Secret of the Tomb
23665,23666,The Babadook
18382,18383,Underworld: Awakening
